gene_id,gene_name,log2FoldChange,p_value,padj,GC_content,gene_length,baseMean,responsive
GENE_00001,Gene_1,0.745071229516849,0.26299071892927384,0.43785478310402287,55.806134585304264,806,1275.108932620217,0
GENE_00002,Gene_2,-0.20739645175677698,0.13085645060781212,0.32230652859067027,46.32834491340341,3971,306.8130742076305,0
GENE_00003,DREB_7,3.9336399518774665,0.00823588379462076,0.04433747245313339,36.7485370786308,6013,193.14472513709606,1
GENE_00004,Gene_4,2.284544784612038,0.24610198409344466,0.4302482239395886,60.051490738761515,324,24.58849833098143,0
GENE_00005,Gene_5,-0.35123006208500396,0.49817155212755543,0.49817155212755543,59.15190335361731,15000,6403.400572361136,0
GENE_00006,Gene_6,-0.3512054354237708,0.4488206378750557,0.48679027969094985,33.87520450669521,221,151.3904164506574,0
GENE_00007,Gene_7,2.368819223261087,0.23222699335959435,0.4227561612158656,45.49919774677046,3690,14466.799232581734,0
GENE_00008,Gene_8,1.1511520937293631,0.3118457540846242,0.4417078669753884,45.18733054868579,1733,7010.320997546795,0
GENE_00009,Gene_9,-0.7042115789024281,0.37418793044202203,0.4662085297407217,63.11590927534002,1191,4.234638928134898,0
GENE_00010,Gene_10,0.813840065378947,0.01839771495667863,0.07862271349007961,49.205658319666746,15000,40.049175173947795,0
GENE_00011,Gene_11,-0.6951265392186934,0.4475657991726921,0.48679027969094985,38.03297441555666,697,18.65469744404137,0
GENE_00012,LEA_6,-2.347403065605491,0.005794117169916587,0.04194531154336941,57.056838257927026,681,134.77245489090083,1
GENE_00013,Gene_13,0.3629434073490512,0.22925861678907994,0.4227561612158656,40.153795633871354,8080,215.7948183046123,0
GENE_00014,Gene_14,-2.8699203669866966,0.1961937132741095,0.39814464475941924,47.91727607422591,3438,235.06285248971844,0
GENE_00015,Gene_15,-2.5873767487695494,0.13720672805330117,0.33465055622756384,43.84184897695299,7503,1222.0161455451016,0
GENE_00016,Gene_16,4.7100914379080745,0.006437665415898845,0.042180901962494875,45.51635921376048,1306,2942.943466643889,1
GENE_00017,LEA_3,-1.5192466805016358,0.02314395510308515,0.09485227501264404,57.498064716511514,1764,1027.5940740961028,1
GENE_00018,Gene_18,0.4713709988929108,0.42624457314015685,0.4819961781606155,62.17064129065733,15000,48.33372569526124,0
GENE_00019,Gene_19,-1.3620361132818164,0.01867576184085399,0.07913458407141521,39.80505002896497,312,31.060976916488787,1
GENE_00020,Gene_20,-2.118455552002937,0.16519663131956563,0.36710362515459033,55.008611404062535,939,149.23521296721825,0
GENE_00021,Gene_21,-3.432442425096431,0.005709096085497045,0.04194531154336941,44.13797096248003,3631,348.01272764887034,1
GENE_00022,Gene_22,-0.3386644507298035,0.3678711146072029,0.462235928434938,44.38662471980739,817,102.88556061637372,0
GENE_00023,Gene_23,0.10129230703188576,0.14141408932818586,0.3412521764969231,53.925089771381714,466,10.064660497210271,0
GENE_00024,Gene_24,-2.1371222793201854,0.12707189788648166,0.3197649504336923,41.77677787429044,2773,580.633075147983,0
GENE_00025,Gene_25,-0.816574086787774,0.003535987769194957,0.04194531154336941,53.764820806200355,8133,67.71924866886665,0
GENE_00026,Gene_26,0.16638388456479913,0.34816143213202533,0.45570868080108023,55.84090685207788,887,63.750340879644185,0
GENE_00027,LEA_6,-4.805040771551318,0.008992790110197789,0.04484349936023489,46.539741906407855,851,133.05660668994298,1
GENE_00028,HSP70_6,2.3615677363593934,0.004518888276856658,0.04194531154336941,60.616624816109336,415,91.85416587576846,1
GENE_00029,Gene_29,-0.9009580348782075,0.48109886432343285,0.4925460834124531,39.81740310350794,703,71.30724170664375,0
GENE_00030,Gene_30,-0.43754062468991517,0.05562496116717249,0.19866057559704461,60.763249524893375,5571,11.470165799960474,0
GENE_00031,Gene_31,-0.9025599183440953,0.44734548555306564,0.48679027969094985,34.44810056411894,1238,118.570185280793,0
GENE_00032,Gene_32,2.7784172767634066,0.49574619223737904,0.4976704726873302,70.0,327,605.411010646818,0
GENE_00033,Gene_33,2.5564187287301676,0.0012647253818882306,0.041870024817204664,46.75038209102534,1625,251.96445103588525,1
GENE_00034,HSF_12,-4.889804187720159,0.005110464792982834,0.04194531154336941,40.70154274889906,5307,988.5536133351881,1
GENE_00035,Gene_35,1.2338173681547835,0.25852343120136473,0.43785478310402287,48.13862473184001,472,34.567362458934085,0
GENE_00036,Gene_36,-1.8312654749565334,0.45335034600284546,0.486994358632721,41.62817645900457,200,11.5176776465582,0
GENE_00037,Gene_37,0.3132953925071331,0.28608815201786747,0.4381065096297881,53.095722390836336,15000,90.76738654289574,0
GENE_00038,Gene_38,-2.9395051858196632,0.33139389304317574,0.4469649841309324,60.941258651761174,200,43.446346494869445,0
GENE_00039,Gene_39,-1.9922790733476456,0.27234567509070223,0.43785478310402287,42.05235019154658,639,53.481191619914135,0
GENE_00040,Gene_40,0.2952918538036853,0.43238194727336693,0.4819961781606155,54.63519391339203,1553,226.67095675024632,0
GENE_00041,Gene_41,-2.5213829126181024,0.0008916574041570893,0.041870024817204664,37.73811704883393,728,54.26280067829764,1
GENE_00042,Gene_42,0.25705242178495574,0.26110889577802704,0.43785478310402287,58.2636378658289,980,12.1808253363023,0
GENE_00043,LEA_9,3.419630354244,0.003693148291275321,0.04194531154336941,53.329890935420764,2605,48.521672035779844,1
GENE_00044,Gene_44,3.2652879791915375,0.00962049078595265,0.04484349936023489,58.60946657064256,200,292.9842149636445,1
GENE_00045,Gene_45,-2.60603203356985,0.0023137829015134814,0.041870024817204664,49.02122477887116,200,568.4771972533398,1
GENE_00046,Gene_46,-1.079766312592063,0.08103965255970598,0.25317458468054976,46.51874721716199,1171,557.1561647170189,0
GENE_00047,Gene_47,-0.6909581564396813,0.1676704304938737,0.36769831248656515,56.52893948845866,598,346.8686536313642,0
GENE_00048,Gene_48,2.1646478439394246,0.0017877315879217838,0.041870024817204664,39.53561182753265,1331,106.03964865280876,1
GENE_00049,Gene_49,0.5154274343526921,0.4651150849043596,0.49166499461348795,36.0574053461314,1542,333.56181413753,0
GENE_00050,Gene_50,4.277107536616549,0.004479858371158629,0.04194531154336941,49.9603041276797,200,136.36412308881336,1
GENE_00051,Gene_51,0.4861259540921925,0.34979637828175425,0.4566532353547706,46.88322714512966,7409,186.0829004273963,0
GENE_00052,LEA_10,3.280451169964593,0.007900229684093424,0.04433747245313339,54.43066665425237,519,22.67689408255603,1
GENE_00053,Gene_53,-1.0153830004589381,0.44093692925240474,0.48461746179903026,58.73241139451198,299,162.0248838617613,0
GENE_00054,Gene_54,0.9175144332613019,0.4806963288042688,0.4925460834124531,54.26411263320911,1498,316.50292033320727,0
GENE_00055,Gene_55,1.5464992837439264,0.2332695343762218,0.4227561612158656,58.09522649461396,1287,293.6106667225876,0
GENE_00056,DREB_13,4.386025513877293,0.006386104451351229,0.042180901962494875,52.56841866665731,6601,11.301799353687812,1
GENE_00057,Gene_57,-1.2588262848339578,0.003567440206602669,0.04194531154336941,53.95676598656879,1648,179.92166339610355,1
GENE_00058,Gene_58,-0.46381856377682185,0.41015351178664194,0.4753937965198009,49.066742321341835,6230,8.266579706497318,0
GENE_00059,Gene_59,0.49689514710534594,0.11508395560093683,0.3074099867503775,53.72036368812146,268,210.05161626990028,0
GENE_00060,Gene_60,1.4633176906835388,0.4544419533254146,0.486994358632721,51.33322262850811,1356,36.5004875047792,0
GENE_00061,Gene_61,4.193071014374845,0.0034023385397747843,0.04194531154336941,52.60141437223251,206,4497.54011439874,1
GENE_00062,Gene_62,-0.27848846499572566,0.27853468578483875,0.4381065096297881,48.66620773530529,1269,188.38479606460314,0
GENE_00063,Gene_63,-1.6595024610090423,0.3785612660886824,0.46851641842658714,56.471433603770386,923,736.8085135571182,0
GENE_00064,Gene_64,-4.864697968339031,0.0021986266599321614,0.041870024817204664,44.316379601320385,866,10114.70185917247,1
GENE_00065,Gene_65,1.218788733591297,0.09737329942905924,0.27820942694016926,49.85320783276715,877,28.939179754184565,0
GENE_00066,Gene_66,2.0343600428562345,0.04296501400952434,0.16525005388278594,60.49427120166061,3309,354.7274761375753,1
GENE_00067,Gene_67,-0.10801518237050077,0.16389035467514318,0.36710362515459033,42.410225416631,200,13.848514651932327,0
GENE_00068,Gene_68,-4.184939086792988,0.008746032951066093,0.04484349936023489,32.70523630597896,284,295.8326777136632,1
GENE_00069,Gene_69,0.5424540375714513,0.058806084533348575,0.20706367793432598,52.93165733038378,1031,5071.635015700032,0
GENE_00070,Gene_70,-0.9676796319076864,0.18897098563141257,0.390435920726059,47.944364077172004,200,42.27659279693106,0
GENE_00071,Gene_71,0.5420934082626209,0.005527129921709757,0.04194531154336941,58.086897922974714,1175,25.23145356129033,0
GENE_00072,Gene_72,2.307054849698954,0.40952103082942104,0.4753937965198009,48.95587936082405,1016,123.67430443509357,0
GENE_00073,Gene_73,-0.05373905866492731,0.0650959103285025,0.224468656305181,45.1652874274935,200,8880.69035972435,0
GENE_00074,Gene_74,2.3469654837210094,0.14238813118452523,0.3412521764969231,49.39346083345429,200,693.7265341961885,0
GENE_00075,Gene_75,-3.9296176561346163,0.010195431650370516,0.04511252942641821,58.74454869290569,200,24.292573731651704,1
GENE_00076,Gene_76,1.2328537565628357,0.21668815116236365,0.4176733225708772,54.602957017539005,200,2724.7205870114244,0
GENE_00077,HSF_15,3.6820315820105423,0.009814240106008608,0.04484349936023489,30.528781947615723,1120,5.418797976670215,1
GENE_00078,Gene_78,-0.4485110256988012,0.1966834545111531,0.39814464475941924,51.48613993669417,1386,10647.903077345909,0
GENE_00079,LEA_17,-2.441534534924296,0.006316705522449096,0.042180901962494875,51.88609705921124,1484,822.9548673852855,1
GENE_00080,LEA_16,4.2351936443606615,0.007572894417414394,0.04433747245313339,49.854000278395844,341,5049.855358678788,1
GENE_00081,Gene_81,-0.3295078317562679,0.3946146839535014,0.47339918777214934,45.11288086745129,1066,5.4981066264357645,0
GENE_00082,Gene_82,0.5356688572676196,0.08770298417847583,0.26098209458834676,59.55625499605156,1989,208.28006944570274,0
GENE_00083,Gene_83,3.667419744311539,0.003846916592510104,0.04194531154336941,59.95227158507889,200,113.54760165822412,1
GENE_00084,Gene_84,-0.7774053274104711,0.4737016462399127,0.4921194941955782,32.37471631339311,1319,19.80711176193853,0
GENE_00085,Gene_85,-1.2127404043397814,0.0840224158792039,0.254613381452133,43.616324178068446,2935,11.111190565232345,0
GENE_00086,Gene_86,-0.7526355653768049,0.3857211619735356,0.4703632204724884,48.84215478971424,525,409.18301177696213,0
GENE_00087,Gene_87,1.3731031765531112,0.35457743029671207,0.4604901692165092,57.58806562973336,5395,490.5187066640157,0
GENE_00088,Gene_88,0.4931266644895267,0.23731337032910918,0.4227561612158656,50.27882301113413,543,1998.0921783438002,0
GENE_00089,Gene_89,-0.7946403056505582,0.029902309818840348,0.12057382991467883,44.53124959868062,301,54.22585874824595,0
GENE_00090,Gene_90,0.7699011496700341,0.03827251446116915,0.149502009613942,55.676268618459,2528,111.80769422530453,0
GENE_00091,HSP70_7,4.411930938202692,0.007709138067406234,0.04433747245313339,48.30931131559206,15000,9.347231003746678,1
GENE_00092,Gene_92,1.4529674857993338,0.4950840380025729,0.4976704726873302,49.06079312676032,1246,3234.3123672633856,0
GENE_00093,Gene_93,-1.0530796408160286,0.33835007633619046,0.4487401542920298,49.78273253276739,2842,170.5615409375926,0
GENE_00094,Gene_94,-0.4914932198966523,0.2235331951981504,0.4186014891351131,54.594467526707874,511,629.6581186261778,0
GENE_00095,Gene_95,-0.5881622296982365,0.3241392480575519,0.4466616622305479,47.5316031866097,200,675.7416255263817,0
GENE_00096,Gene_96,-2.195272422198178,0.2976035337550441,0.4381065096297881,55.49557194117778,1407,2746.8616329982556,0
GENE_00097,Gene_97,0.44418041559686405,0.19242251794240528,0.3926990162089904,49.41544825274342,1783,28.140253648880012,0
GENE_00098,Gene_98,0.391582908269834,0.03374744614243246,0.13391843707314469,41.463867308656994,641,598.9470522850208,0
GENE_00099,Gene_99,0.007670184963691335,0.41093496075631303,0.4753937965198009,49.705789554436414,2825,141.1725057171491,0
GENE_00100,HSP90_14,4.6299961335873485,0.008660393301132049,0.04484349936023489,41.87829277483828,411,10010.142747341486,1
GENE_00101,Gene_101,-2.1230561130756214,0.40957403603518977,0.4753937965198009,50.327894318207534,283,27.97389187093196,0
GENE_00102,LEA_11,-4.308292412584943,0.009532695523252813,0.04484349936023489,56.63579143385173,5382,1545.1135712467074,1
GENE_00103,Gene_103,-0.5140717747901542,0.001513710442971065,0.041870024817204664,41.41096795198308,5420,299.0717641455832,0
GENE_00104,Gene_104,-1.2034159038324284,0.0803102033551015,0.25317458468054976,52.91418724643551,423,269.269352332556,0
GENE_00105,Gene_105,-0.2419285674990137,0.2348011689675236,0.4227561612158656,43.36770033317434,14447,165.34619908820437,0
GENE_00106,Gene_106,0.6060762852218076,0.4722075138439571,0.4921194941955782,51.61360447933237,712,2193.6709352951216,0
GENE_00107,Gene_107,2.829278851815795,0.05199461622716577,0.19085186073664298,56.88163393616387,1245,251.56550229937315,0
GENE_00108,Gene_108,0.26186671924775845,0.42725067745632145,0.4819961781606155,32.963895407119665,965,7.036911199064363,0
GENE_00109,Gene_109,0.3863255860841466,0.2639850240097192,0.43785478310402287,41.08419338502924,2405,1701.0604631682722,0
GENE_00110,Gene_110,-0.11166887364925082,0.4131344621341484,0.4753937965198009,47.048164439120626,1647,1178.978499629084,0
GENE_00111,Gene_111,-2.8781568229485623,0.14988884106400632,0.34911420298213863,52.52032391345292,1614,480.2349044319206,0
GENE_00112,Gene_112,-0.03977081317382532,0.4201336351715635,0.4798924095116322,48.66893336513341,237,15.534335079876655,0
GENE_00113,Gene_113,0.09034531491153966,0.38663856722838547,0.4703632204724884,49.63295374415265,200,21.195084245052154,0
GENE_00114,Gene_114,3.694863168727929,0.11579678783268553,0.3074099867503775,66.34387620281005,6082,3.4733315336979302,0
GENE_00115,Gene_115,-0.2885414471716838,0.06653622807827965,0.22786379478862892,40.30034176920618,483,372.65749221546196,0
GENE_00116,Gene_116,3.5605043296361956,0.0026447679376775906,0.04194531154336941,59.08388013090216,1018,9.983186257533204,1
GENE_00117,Gene_117,-0.05206765455786497,0.4816550900666258,0.4925460834124531,47.200174982764665,1790,4.770724662760897,0
GENE_00118,Gene_118,-1.753017056429298,0.016619854560010604,0.0722602372174374,54.395798339989874,12626,1900.701368966925,1
GENE_00119,Gene_119,1.7142342217725308,0.3659037634198691,0.462235928434938,67.0315724459648,1396,689.7706347512203,0
GENE_00120,Gene_120,1.127899549030161,0.45485273096296136,0.486994358632721,55.50942418948341,606,76.22249814323914,0
GENE_00121,Gene_121,1.1865479205645704,0.42882268595415685,0.4819961781606155,52.97996567832,500,113.51180422381992,0
GENE_00122,Gene_122,3.717283278300397,0.007398084227571708,0.04433747245313339,62.792978681195,1036,1.2035934046010357,1
GENE_00123,Gene_123,2.104191466404149,0.3802869451406105,0.46949005572914876,58.99838915674553,280,928.4252191384596,0
GENE_00124,Gene_124,-2.1027765941884216,0.22170708242807421,0.4186014891351131,43.604847390708514,1145,37.13415147128197,0
GENE_00125,Gene_125,0.8802856407004054,0.1566640432570701,0.3580447973478293,52.356197939630846,1014,287.31573305951156,0
GENE_00126,Gene_126,3.2525182520836764,0.006124015485331934,0.04194531154336941,36.260034126873926,12865,1.0231391266645007,1
GENE_00127,Gene_127,-1.4858044876960326,0.36248691363444435,0.462235928434938,45.67877289300599,967,1048.5211945734134,0
GENE_00128,Gene_128,-0.8494465944041578,0.3731726690034512,0.4662085297407217,52.51242374079887,200,32.927575283463675,0
GENE_00129,Gene_129,0.14947704763146183,0.10097921263080761,0.2827616922940916,45.18315717774993,15000,9.46797898834945,0
GENE_00130,Gene_130,-0.7552134811742988,0.434193283931775,0.4819961781606155,52.186933967775396,4606,75.24855727525005,0
GENE_00131,Gene_131,-2.3259951465991993,0.3577470960609216,0.462235928434938,49.89292307477569,15000,45.0246250814031,0
GENE_00132,Gene_132,0.10284446220904099,0.28181239288534793,0.4381065096297881,54.291333859160346,200,1272.2410438378174,0
GENE_00133,Gene_133,-1.5934555705891573,0.23629469759115385,0.4227561612158656,46.606407823775115,786,64.02091041792993,0
GENE_00134,Gene_134,0.7103886459527724,0.27207317008918913,0.43785478310402287,42.47880868450629,3015,2264.7826051097036,0
GENE_00135,Gene_135,-1.3791363513507047,0.08046362340135298,0.25317458468054976,61.82501460938609,2451,287.23055809842737,0
GENE_00136,Gene_136,2.324901607526309,0.10264692338886082,0.28355503698580337,46.03442605848044,1737,887.790484632623,0
GENE_00137,Gene_137,-1.1748799385043556,0.04649108071268965,0.17218918782477646,55.28008474493694,200,147.77148991755192,1
GENE_00138,Gene_138,-0.48309227430851337,0.07767536104239522,0.25056568078192004,61.48197621178029,200,1889.5953123554232,0
GENE_00139,Gene_139,1.2202758260545046,0.22739312366803605,0.4210983771630297,51.301359991980256,10681,14.772273616081675,0
GENE_00140,Gene_140,-1.846296474650933,0.26564684247039977,0.43785478310402287,43.149547444454804,13946,186.2796268581514,0
GENE_00141,Gene_141,0.34118990190619414,0.009913084346681367,0.04484349936023489,48.57112020362124,934,67.16339226526217,0
GENE_00142,Gene_142,1.960714131423642,0.39860211610414975,0.47339918777214934,58.14032733285403,8827,2424.2002593365955,0
GENE_00143,Gene_143,-2.4112248518418413,0.14778981869839547,0.34911420298213863,51.649980365902906,236,2975.2067439172597,0
GENE_00144,Gene_144,0.27695078779845633,0.4560061814449956,0.48718609128738843,40.35886566236579,333,148.53825262034064,0
GENE_00145,Gene_145,0.3898241913726353,0.4837881205432751,0.49366134749313784,54.7731506682697,209,11.211923360701501,0
GENE_00146,HSP90_12,-4.108991370635353,0.005443352925723435,0.04194531154336941,56.15625175240799,306,348.6939605340352,1
GENE_00147,Gene_147,-1.855426066317123,0.23158654809206466,0.4227561612158656,47.15750491105653,3242,5.316315721732203,0
GENE_00148,Gene_148,-1.9806849196264145,0.0016146857480465178,0.041870024817204664,54.88195500483797,300,3836.3842389979295,1
GENE_00149,Gene_149,0.7829123484253464,0.29956530529609104,0.4381065096297881,51.96014876368374,15000,57.60790850597309,0
GENE_00150,Gene_150,0.4454770098497791,0.30404591768307293,0.4381065096297881,48.42056369086369,2186,139.61095663395682,0
GENE_00151,Gene_151,0.3757392755188148,0.1245224378460842,0.31765928021960255,39.65171405125069,5579,38.01944914461305,0
GENE_00152,Gene_152,0.5196723142454636,0.27964792361901575,0.4381065096297881,58.62363116084606,2286,24.445272088242895,0
GENE_00153,Gene_153,-1.0200370823677363,0.11354453107942399,0.3068771110254702,56.07368799935867,6777,648.4485301680621,0
GENE_00154,Gene_154,0.34838054574150534,0.08125190907001684,0.25317458468054976,54.6710903550025,298,108.06864703499647,0
GENE_00155,Gene_155,0.43960870994802187,0.3261082139343301,0.4466616622305479,62.35620802942475,9608,161.57429661666197,0
GENE_00156,Gene_156,-1.0715271270395517,0.16363680651208537,0.36710362515459033,57.56154981610875,1354,19.929834727924,0
GENE_00157,Gene_157,2.7986617667171347,0.2955417055039256,0.4381065096297881,55.4925280492125,6727,822.3108174418195,0
GENE_00158,Gene_158,0.7107493813676813,0.21719012773685614,0.4176733225708772,32.29418121578535,200,1007.8548802628607,0
GENE_00159,Gene_159,-1.786955245803973,0.4921913522940491,0.49716298211520116,59.57515961441933,1437,97.72359419316612,0
GENE_00160,Gene_160,0.9848304129507446,0.07564074069111532,0.24739307192981017,50.664644114256404,1363,1874.025868622316,0
GENE_00161,Gene_161,-1.462022505340982,0.23283469972126927,0.4227561612158656,52.499933442057106,433,120.51228422984762,0
GENE_00162,Gene_162,1.180626905613678,0.3405478565533033,0.45046012771600963,52.554665517547086,1754,705.9264069255048,0
GENE_00163,Gene_163,2.15478741997613,0.0068333061179241695,0.042180901962494875,56.19066194913824,11041,5.778504073303333,1
GENE_00164,Gene_164,-1.2310234775275657,0.4873752260834742,0.49469203114481586,58.97740023041348,385,300.9252012307291,0
GENE_00165,Gene_165,1.4450641938664828,0.3612219263355406,0.462235928434938,55.07392914447378,4641,86.2316314716757,0
GENE_00166,Gene_166,0.6191713904047474,0.328834944924682,0.44678660995201364,53.802284714559136,202,202.56176490368762,0
GENE_00167,Gene_167,3.4431856515322594,0.004801376780711565,0.04194531154336941,51.852101914364574,15000,185.18675665476832,1
GENE_00168,Gene_168,2.845189473980921,0.4763716703813198,0.4921194941955782,30.0,3557,190.83318020752253,0
GENE_00169,Gene_169,-3.7952592907235374,0.008310390810898708,0.04433747245313339,47.699271844398496,14583,508.4675807192414,1
GENE_00170,Gene_170,-2.8533400542972744,0.00677560768344958,0.042180901962494875,42.46728386119484,3005,47.92574034423317,1
GENE_00171,Gene_171,-1.334271644438285,0.3748316579115403,0.4662085297407217,59.685916311512685,1970,463.19981139078874,0
GENE_00172,Gene_172,-1.2237154274481574,0.07381511494353758,0.24442091040906486,54.95229758629035,3602,1745.942435043088,0
GENE_00173,Gene_173,-0.11565256412115629,0.05229340984184018,0.19085186073664298,46.334904102290125,893,8.843811863979605,0
GENE_00174,Gene_174,0.5117279622249659,0.285881346420238,0.4381065096297881,47.138262541846046,200,31.153288314842094,0
GENE_00175,Gene_175,0.4150361989950286,0.01016545083332946,0.04511252942641821,46.84814909358063,2145,33.883533163977255,0
GENE_00176,HSP70_12,-3.2326743965873153,0.00537156380633832,0.04194531154336941,46.70539076544864,353,16.70834676916884,1
GENE_00177,Gene_177,0.01950283781686053,0.10596444037951543,0.28952032890577983,38.443540451801624,210,57.43216204184265,0
GENE_00178,Gene_178,2.1803011157359755,0.17366226725477493,0.37427212770425633,36.70976405377786,2848,1171.730542077386,0
GENE_00179,Gene_179,-0.3969852498569341,0.38812656316068506,0.4710273824765595,50.23237417905395,721,2684.2961982475126,0
GENE_00180,Gene_180,4.080253749884428,0.4706775146119609,0.4921194941955782,58.60251311487484,5123,183.52482409066687,0
GENE_00181,Gene_181,0.9385010216475094,0.03713571980102441,0.14620362126387565,45.6984824205771,335,77.59693882685978,0
GENE_00182,Gene_182,-1.2857363346244237,0.26758686078224614,0.43785478310402287,52.42755800739236,541,739.4065745217373,0
GENE_00183,Gene_183,-1.6063387470916686,0.4413842094239804,0.48461746179903026,55.8740873374138,6157,1.312669711987053,0
GENE_00184,Gene_184,0.723708622864778,0.042171758685770215,0.1634564290146132,42.05297435532915,1668,17.9868881400555,0
GENE_00185,Gene_185,-0.3351941779887764,0.4124325094015201,0.4753937965198009,49.84019657024078,200,1.4286632067500582,0
GENE_00186,Gene_186,1.071000741138138,0.1795428741132074,0.38030564503401115,44.667836149811876,1614,17.6123536066412,0
GENE_00187,Gene_187,-4.223052045194559,0.009577496590156413,0.04484349936023489,62.84895593465035,10115,32.00733022811885,1
GENE_00188,Gene_188,-0.10924336898530916,0.4887557267710781,0.49469203114481586,62.499676054896916,534,2850.8251448728656,0
GENE_00189,Gene_189,-1.2701905771026074,0.10122868584128479,0.2827616922940916,42.0612572810012,2689,0.5932591665867474,0
GENE_00190,Gene_190,-2.272270837028797,0.3469037764705178,0.45525429983007587,53.08707506467461,306,64.49545779450214,0
GENE_00191,Gene_191,-0.6697724281005316,0.41089892327692334,0.4753937965198009,58.54079440649993,893,512.4140268005409,0
GENE_00192,Gene_192,1.2845981914852085,0.021550564144356566,0.08979401726815237,56.78663600301064,5623,337.46483980773337,1
GENE_00193,Gene_193,0.32114061619530593,0.3355223437188517,0.44805454679436874,50.652504279874925,1523,2761.3535828790964,0
GENE_00194,Gene_194,-1.868608168067982,0.47582343720330816,0.4921194941955782,60.45245969411478,7584,204.8141448013413,0
GENE_00195,Gene_195,-2.4865227941502637,0.0032435613339796966,0.04194531154336941,42.76388248808454,2075,313.7374096271123,1
GENE_00196,Gene_196,0.5779760695932552,0.44821443003983413,0.48679027969094985,47.57525644484246,15000,3.754617201689648,0
GENE_00197,Gene_197,-1.3257861543016995,0.2977935420510911,0.4381065096297881,42.9788606419234,200,20.562361308889006,0
GENE_00198,Gene_198,0.23058765891829186,0.30868568634937454,0.4388646816966303,56.25994795760497,791,4.197925661237945,0
GENE_00199,Gene_199,0.08731307766899984,0.30685914325793734,0.4388646816966303,45.33890500560439,215,466.48049862740856,0
GENE_00200,Gene_200,-1.7144554467459345,0.1501191072823196,0.34911420298213863,48.630006596503314,238,298.0856625785593,0
GENE_00201,Gene_201,0.5366810405224249,0.4676657058344304,0.4921194941955782,54.94136294612599,242,277.8484815097491,0
GENE_00202,Gene_202,0.8411767895523516,0.4737278808528883,0.4921194941955782,55.585999310222526,1410,25.460615883692956,0
GENE_00203,Gene_203,1.6245768647629155,0.31302702544676,0.44212856701519776,42.74298922995799,1539,21.202104409840302,0
GENE_00204,Gene_204,1.5807030780523545,0.3919279402448657,0.4724487278988098,58.453242270182336,2082,225.6294077415247,0
GENE_00205,Gene_205,3.2134563490455523,0.00029826092366566225,0.041870024817204664,53.64551734933801,203,38.90908980696385,1
GENE_00206,HSP70_8,-4.351027930890339,0.00598347843056157,0.04194531154336941,41.34637728335679,674,19.282363548054914,1
GENE_00207,Gene_207,3.385828551726763,0.005117700475022778,0.04194531154336941,39.37827283394709,258,53.689704332635614,1
GENE_00208,Gene_208,-2.130752907321725,0.001622532381713508,0.041870024817204664,49.87344231790346,4464,39.58759960483364,1
GENE_00209,Gene_209,0.7725715294590718,0.2991404554533331,0.4381065096297881,56.80075191453447,297,26.220827841594097,0
GENE_00210,Gene_210,5.779097235982082,0.3921324441560121,0.4724487278988098,57.00572689920784,795,12.787451857800788,0
GENE_00211,Gene_211,0.8563357660397505,0.24097101189304343,0.4227561612158656,52.84933501779874,2541,364.0821528002736,0
GENE_00212,Gene_212,1.7033484602708984,0.02133629894014391,0.08964831487455426,50.38939870661461,435,3334.5695479974815,1
GENE_00213,Gene_213,1.4310026452398035,0.08283574101375912,0.2540973650728808,54.093901352632045,3105,137.27573930992273,0
GENE_00214,Gene_214,0.977086876958697,0.21986500102827966,0.4186014891351131,43.15735588488593,12017,231.56677432414938,0
GENE_00215,Gene_215,-0.47290386696051845,0.3626884533771551,0.462235928434938,63.495902904203135,1457,433.87466635956304,0
GENE_00216,Gene_216,1.138453830739901,0.2970460455067792,0.4381065096297881,63.39150734498016,4240,308.93519018151886,0
GENE_00217,HSF_11,4.009752393650118,0.0023852089726247197,0.041870024817204664,53.430498516965585,200,27.280586809771723,1
GENE_00218,Gene_218,-0.3552279101100133,0.24016018535956735,0.4227561612158656,51.57840335994282,576,4627.131562741004,0
GENE_00219,Gene_219,-0.7280453217436552,0.30825526894917915,0.4388646816966303,46.708632218725036,1447,32.634792460234266,0
GENE_00220,Gene_220,0.12281120907948384,0.16517970146951644,0.36710362515459033,54.229990766397286,226,542.4938393540958,0
GENE_00221,Gene_221,3.471987850010263,0.23562111375563588,0.4227561612158656,44.469461031865784,1497,428.5393709522709,0
GENE_00222,Gene_222,-4.971543699114505,0.0035285855090311353,0.04194531154336941,32.211103752035754,5377,2.9538721879751484,1
GENE_00223,Gene_223,1.0293902855617703,0.43604455670758746,0.48235017334910113,30.0,200,72.40730312336738,0
GENE_00224,Gene_224,-3.234337313080264,0.005773110146415409,0.04194531154336941,43.604013334692105,200,166.2108068752716,1
GENE_00225,Gene_225,-0.7078977986841501,0.022787167195973235,0.09416184791724476,51.25102498334622,1446,193.69842182320906,0
GENE_00226,Gene_226,1.6334258954510492,0.08167459952925453,0.25317458468054976,52.655773871627865,2187,271.195789643813,0
GENE_00227,Gene_227,3.9399947573514904,0.0027843596213518295,0.04194531154336941,46.10594393192572,3318,675.4139390007343,1
GENE_00228,Gene_228,-1.6166171668939593,0.3269782465994277,0.4466616622305479,51.13468133714323,1295,146.19908247255145,0
GENE_00229,Gene_229,-1.0729555638899524,0.16682499805219936,0.36745594284625405,47.806173143563754,2191,301.64026625818036,0
GENE_00230,Gene_230,1.0193966234020138,0.27169683922396437,0.43785478310402287,42.005497938798904,4252,135.65173461515786,0
GENE_00231,Gene_231,-1.0955499475757051,0.247145146545116,0.43056645739567245,49.570043928246996,588,19.401156670650963,0
GENE_00232,Gene_232,-4.8872096803812175,0.008270332471505678,0.04433747245313339,56.50365689892519,440,158.34922563154998,1
GENE_00233,Gene_233,0.06835775985572068,0.20222741920079207,0.3996589312268618,42.367506018029424,851,663.9319694010247,0
GENE_00234,HSP90_6,4.654995069569843,0.0038870101744156818,0.04194531154336941,42.37116309584242,1479,1363.1817453415501,1
GENE_00235,Gene_235,3.2159161339879887,0.2097814945451587,0.40972948153351313,41.44599524838274,408,434.6892096165396,0
GENE_00236,Gene_236,0.9508785334770169,0.1025855618907791,0.28355503698580337,34.50785012393507,607,2140.29864474552,0
GENE_00237,Gene_237,-3.037713879986411,0.4203857507321898,0.4798924095116322,46.15838100682385,1991,342.99967334479885,0
GENE_00238,Gene_238,0.27968147215414146,0.08792247495254857,0.26098209458834676,55.71268890362025,1389,835.2738568353994,0
GENE_00239,Gene_239,-0.992679697152582,0.4804294951920015,0.4925460834124531,51.3913286706701,830,967.5647024252462,0
GENE_00240,Gene_240,1.2786500021943359,0.20853777570732346,0.4088975994261244,48.64599292754955,200,94.94510839450999,0
GENE_00241,Gene_241,3.5673037282135067,0.004284622222622277,0.04194531154336941,51.03251838592135,1090,633.9733159441628,1
GENE_00242,Gene_242,-0.17210466220034853,0.3147536442847666,0.4430816930003413,46.088148100566734,255,22.617189278405196,0
GENE_00243,Gene_243,0.7574809184706857,0.3679397990342106,0.462235928434938,34.41690690189222,4791,298.7552526244625,0
GENE_00244,Gene_244,1.2986327912551823,0.38409422014532335,0.4703632204724884,56.269750254516524,690,470.62031955540454,0
GENE_00245,Gene_245,-1.8004446105836642,0.2529175960646159,0.43757369561352233,58.56899659027721,246,1214.6244840748495,0
GENE_00246,Gene_246,-0.5017518537614225,0.2721069611582809,0.43785478310402287,44.1747457914577,999,766.2577550349596,0
GENE_00247,Gene_247,-0.7124179667414343,0.2574839380365538,0.43785478310402287,48.79331503514755,7376,1246.6663736114704,0
GENE_00248,HSP70_17,4.079525634370774,0.005968838717368885,0.04194531154336941,48.10400663151872,2824,121.6611035651751,1
GENE_00249,Gene_249,2.6481813604216455,0.01566782843249714,0.06871854575656641,52.810310475396335,1525,74.38197869520127,1
GENE_00250,Gene_250,0.6074725664414333,0.19836206975465862,0.39831740914590086,63.51914765301032,200,85.64428386338352,0
GENE_00251,Gene_251,-1.8913259315025677,0.3034881680670246,0.4381065096297881,59.278329962314444,12486,252.7921124153406,0
GENE_00252,Gene_252,-4.8419484920683145,0.0024666477887529295,0.041870024817204664,46.984686196688834,431,3.9848750980036134,1
GENE_00253,Gene_253,3.18323429551895,0.39668509120821016,0.47339918777214934,54.3397108920019,4450,2129.2262734052824,0
GENE_00254,Gene_254,1.5486978908267202,0.32784966007722216,0.4466616622305479,60.0348549485817,673,162.02436410888706,0
GENE_00255,Gene_255,-3.1106662310115407,0.001308147016031511,0.041870024817204664,53.26676131515823,3851,64.71524730466183,1
GENE_00256,Gene_256,-0.7263511092993771,0.14264340977571385,0.3412521764969231,49.96240476447862,7787,0.9422992108792098,0
GENE_00257,Gene_257,1.9003667237799342,0.1802163638034495,0.38030564503401115,53.56800075733749,2899,137.87851724573164,0
GENE_00258,HSF_7,3.0940917483719175,0.003078445772697225,0.04194531154336941,44.37382781949221,3407,99.78790362893717,1
GENE_00259,Gene_259,0.6657291422193427,0.23344059070310402,0.4227561612158656,45.54175100716735,946,24.677876122504543,0
GENE_00260,Gene_260,-3.8477281655262514,0.004834516828175916,0.04194531154336941,41.48772611839122,571,38.62525394198133,1
GENE_00261,Gene_261,-1.3903957073671245,0.11866025488564572,0.3074099867503775,52.456516132561944,1349,140.71361295989456,0
GENE_00262,Gene_262,-3.208177782708977,0.00877344140672062,0.04484349936023489,48.948776751822095,658,45.76534204833408,1
GENE_00263,Gene_263,3.323096485244485,0.009744229823417353,0.04484349936023489,43.415055509215364,15000,465.7998951514462,1
GENE_00264,Gene_264,-1.5365814620014349,0.30132583644734223,0.4381065096297881,48.68656470703596,247,33.196114060847485,0
GENE_00265,Gene_265,-0.3788522270897404,0.31663772607992674,0.44347020459373493,53.75998608610536,4930,202.19182167183604,0
GENE_00266,Gene_266,-1.8716747729472742,0.1870514699572783,0.390435920726059,65.31769844798393,2382,1571.979194141058,0
GENE_00267,Gene_267,2.448616955897453,0.2567949873976968,0.43785478310402287,58.09654291763086,1548,137.93854706794147,0
GENE_00268,Gene_268,2.1324963131303005,0.004622900584315651,0.04194531154336941,31.72681714014128,10095,302.46157600124343,1
GENE_00269,LEA_19,-2.7699415313191276,0.0014780604437135455,0.041870024817204664,51.91446773456276,1715,266.48095424414345,1
GENE_00270,Gene_270,0.196110865929137,0.21914552901959644,0.4186014891351131,61.434594101702835,423,150.80593314074494,0
GENE_00271,Gene_271,-4.638983713895012,0.006696438169766894,0.042180901962494875,39.29701207031814,1698,129.7988203625805,1
GENE_00272,Gene_272,-2.1537932267691593,0.20310537874108042,0.3998137376792922,54.41247416169939,833,47.335074671936,0
GENE_00273,Gene_273,1.7447456282324394,0.29686628151605915,0.4381065096297881,48.10686251575163,2333,200.74281895740992,0
GENE_00274,Gene_274,0.015349591529380573,0.2901280347724069,0.4381065096297881,59.20232424732929,3713,84.2227422130835,0
GENE_00275,Gene_275,-1.4722629765719264,0.33164801822515183,0.4469649841309324,53.234057560107615,302,3268.806905040213,0
GENE_00276,Gene_276,-4.859163928556561,0.0013054429201402205,0.041870024817204664,42.92787636352635,6587,751.6618221538953,1
GENE_00277,Gene_277,0.29858954336020505,0.3264094995196885,0.4466616622305479,48.39318817367504,748,8.120633823619666,0
GENE_00278,Gene_278,-0.9003253157381921,0.1567618802915271,0.3580447973478293,48.86643459161901,2133,9.076457774545572,0
GENE_00279,DREB_13,2.345846063741853,0.0009787972016669078,0.041870024817204664,49.01457428151961,2767,114.32900057351218,1
GENE_00280,Gene_280,-0.5779703952926403,0.4291351407074302,0.4819961781606155,58.95410355820211,1902,67.31540057184267,0
GENE_00281,Gene_281,0.17027601787687208,0.005506171660645575,0.04194531154336941,43.25904062887816,931,102.88503127053778,0
GENE_00282,Gene_282,0.99319601178157,0.29461790403696214,0.4381065096297881,58.02441047728947,526,545.838378201214,0
GENE_00283,Gene_283,2.379025224218028,0.2997582760699537,0.4381065096297881,47.58200259262784,732,279.07255387757755,0
GENE_00284,Gene_284,4.172309987819416,0.008335444821189078,0.04433747245313339,51.78808885063332,11473,273.4881957360871,1
GENE_00285,HSP70_4,3.9849655252416243,0.00674842859176907,0.042180901962494875,50.57902069024827,299,2676.832123822379,1
GENE_00286,Gene_286,-2.9281316992837527,0.118102345092514,0.3074099867503775,49.82555729534532,372,9.227765162775219,0
GENE_00287,Gene_287,-0.22767764255337497,0.44197112516071557,0.48461746179903026,49.89117732443742,349,182.70588393250333,0
GENE_00288,Gene_288,0.8824758097268648,0.2215701625176459,0.4186014891351131,61.658868466168165,1344,46.61371933371622,0
GENE_00289,Gene_289,0.42148780160254895,0.1661137921315968,0.36745594284625405,56.73959939924916,200,2619.847978710296,0
GENE_00290,Gene_290,-0.9340492797308907,0.2249400093418701,0.4187127951146006,47.09827448336056,200,1.788356046989725,0
GENE_00291,Gene_291,-0.3121833755359128,0.3350258103282213,0.44805454679436874,62.66229803297673,741,1.9523559612703107,0
GENE_00292,Gene_292,-0.7395014019882492,0.0737325275541311,0.24442091040906486,52.19744859194282,200,272.94562313672486,0
GENE_00293,Gene_293,-0.8840471354163173,0.22526748377165512,0.4187127951146006,52.860994074591154,200,1411.760969474724,0
GENE_00294,Gene_294,1.274403145531537,0.29435430118408307,0.4381065096297881,43.30144736534887,200,696.8071193087275,0
GENE_00295,Gene_295,0.535523228947571,0.47434309407086545,0.4921194941955782,46.02001073275888,307,29.90538047978981,0
GENE_00296,Gene_296,-1.0393643928909813,0.12701136325563422,0.3197649504336923,44.491971936582594,3284,3019.490670530001,0
GENE_00297,Gene_297,1.3493998131498761,0.18026612321020655,0.38030564503401115,50.6885829199494,4598,12.642479125221652,0
GENE_00298,Gene_298,0.460949281314914,0.19029993637128947,0.390690942540298,55.11026463558567,15000,2028.330620100931,0
GENE_00299,Gene_299,1.2192931782584402,0.30316354066479656,0.4381065096297881,52.93785839537771,15000,16.47004867047279,0
GENE_00300,Gene_300,0.9444432628854184,0.17900929446696082,0.38030564503401115,62.70435324855666,3566,73.43140134136084,0
GENE_00301,Gene_301,-4.626687328109431,0.00032664886726359044,0.041870024817204664,42.89793595831012,5123,533.0094083581146,1
GENE_00302,Gene_302,-0.8402715602954544,0.39111337459266965,0.4724487278988098,50.91895234831106,1334,7.905702529168544,0
GENE_00303,Gene_303,1.1209404076848928,0.3529874114619896,0.45961902534113225,39.736485365613646,2391,2801.882509516512,0
GENE_00304,HSP90_3,3.5907953979047003,0.001286307119974699,0.041870024817204664,42.625032227173904,15000,72.53812873460956,1
GENE_00305,Gene_305,-0.0313523909462222,0.4322438726594103,0.4819961781606155,60.11662701870771,1913,195.30301418072116,0
GENE_00306,Gene_306,0.17599107496317298,0.27951198454733756,0.4381065096297881,46.29468106822827,6184,1516.8659012052578,0
GENE_00307,Gene_307,3.764791270909793,0.001984216141908771,0.041870024817204664,43.57308963151783,270,30.378931022498907,1
GENE_00308,Gene_308,-0.887357083253745,0.018059695203639932,0.07784351380879281,32.96018499533642,403,1238.464237071874,0
GENE_00309,Gene_309,0.8206460717550569,0.49335979719822365,0.4973385052401448,43.493162817688656,1751,3948.4056432192206,0
GENE_00310,Gene_310,-0.3032889786508411,0.062362433456283735,0.21805046663036273,48.35775780644017,1373,39.99850207712408,0
GENE_00311,Gene_311,-0.32652180484083043,0.11633432530139566,0.3074099867503775,39.14077632171031,432,2295.659270766011,0
GENE_00312,Gene_312,1.6481652779807852,0.026796721783521955,0.10892976334765023,47.897732888140254,15000,4.387865154899485,1
GENE_00313,HSP90_18,3.151891669759177,0.002350837270951378,0.041870024817204664,60.165048485265785,1420,323.50054207264,1
GENE_00314,Gene_314,1.2202644540009577,0.11312588730936732,0.3068771110254702,44.34155727737334,564,12.715261546658143,0
GENE_00315,Gene_315,1.9582182107314936,0.09082520829888903,0.2655707844996755,42.452935605040516,1376,977.6356915126946,0
GENE_00316,Gene_316,0.03150576244913857,0.04518923652739745,0.17117135048256613,41.008788265079254,1139,829.5738181783244,0
GENE_00317,HSP70_12,-3.8251095783789317,0.0032930269806795104,0.04194531154336941,40.8658872598736,1453,9459.359855291708,1
GENE_00318,Gene_318,-0.46540013489018406,0.29275067952085176,0.4381065096297881,54.284619575107435,200,2546.731282563669,0
GENE_00319,Gene_319,0.48624952873266314,0.3444157250674311,0.453178585615041,50.389349895064406,7615,106.53329919719091,0
GENE_00320,Gene_320,-0.19521458155152688,0.1992921152437361,0.3985842304874722,57.654855034204594,8293,17.056050782932108,0
GENE_00321,Gene_321,0.1454939474890773,0.24046864371444454,0.4227561612158656,66.15870313323404,9951,460.0679331493096,0
GENE_00322,Gene_322,0.8927355381553704,0.34329790025550905,0.452899604558719,35.356870944726815,1786,131.43825258253565,0
GENE_00323,Gene_323,-1.2273310248502087,0.009672515302554339,0.04484349936023489,53.04062966753418,2962,3302.087387633164,1
GENE_00324,Gene_324,3.13858091352819,0.16224219787806898,0.36710362515459033,41.05104532453152,299,1.9488477747062805,0
GENE_00325,Gene_325,-1.509026072249553,0.48657577628710286,0.49469203114481586,56.31119438426761,3825,11803.053150777701,0
GENE_00326,Gene_326,-1.8212829191815982,0.2904760026180386,0.4381065096297881,47.82470399141251,1599,430.08429107101006,0
GENE_00327,Gene_327,1.7371663102501018,0.12785806536884914,0.3197649504336923,50.218582086913386,549,29.194366324256546,0
GENE_00328,Gene_328,1.187494040944404,0.2613432932714704,0.43785478310402287,39.734580576561534,4012,644.1801705021676,0
GENE_00329,Gene_329,0.9361797255782327,0.17198409057233677,0.373239560417914,46.588583799094664,4252,1987.917410976998,0
GENE_00330,Gene_330,0.9425182638964198,0.26659024942432324,0.43785478310402287,50.717298008866074,1201,186.54897079533546,0
GENE_00331,Gene_331,-0.018370159270371934,0.06374501439151777,0.22133685552610335,60.848625174453666,2116,4.3499277323525956,0
GENE_00332,Gene_332,-1.3458815572287472,0.06722461225581941,0.22865514372727688,43.64351578073156,233,82.45938980048693,0
GENE_00333,Gene_333,0.1137068372905895,0.07262763865765703,0.24371690824717127,45.59446742775749,7078,1186.5320717757868,0
GENE_00334,Gene_334,-1.0157425672681675,0.469970076171494,0.4921194941955782,57.55431713745825,284,400.7466645576393,0
GENE_00335,Gene_335,1.4626796001266267,0.36671656025232957,0.462235928434938,43.125277730405514,380,108.52558355607779,0
GENE_00336,Gene_336,-0.22058607225320798,0.08202856543649813,0.25317458468054976,59.13908115179301,1204,2031.7071145774735,0
GENE_00337,Gene_337,-1.2382457951887673,0.09498619279903513,0.2729488298822848,49.92730740218995,5835,651.0664310751093,0
GENE_00338,Gene_338,-0.48207876247949016,0.3656839079605673,0.462235928434938,52.42498369273475,5830,759.513663407034,0
GENE_00339,Gene_339,0.6193971814134365,0.0789257585512948,0.2529671748438936,52.940178420074965,1088,65.2829314891919,0
GENE_00340,Gene_340,-0.8455868292059621,0.11804608537407951,0.3074099867503775,45.07023557274714,3496,53.797803355340974,0
GENE_00341,Gene_341,-1.2333305933496472,0.4817100695773791,0.4925460834124531,53.119094555779164,200,4.953431449993434,0
GENE_00342,Gene_342,0.36553081723786846,0.1283979558394875,0.3197649504336923,43.8210417254856,372,88.34207442044647,0
GENE_00343,Gene_343,0.36744985666308416,0.33115454283520224,0.4469649841309324,45.983175967208965,384,963.7039171969492,0
GENE_00344,Gene_344,-3.5606560194304855,0.0028690650308676444,0.04194531154336941,54.4695277282662,7174,98.67320259400556,1
GENE_00345,Gene_345,-0.7065574584274842,0.18777408680275653,0.390435920726059,52.34715164513523,2927,361.79497828587836,0
GENE_00346,Gene_346,0.3480749060364544,0.009740479440169057,0.04484349936023489,49.400280393287616,1446,1369.7708106164728,0
GENE_00347,Gene_347,-2.172126512245986,0.12282949792076475,0.31657087092980607,39.930146805895916,1673,312.8318993833278,0
GENE_00348,Gene_348,-2.1111956615648326,0.415607718479511,0.4766143560544851,41.92673368520296,11527,380.3262829039612,0
GENE_00349,Gene_349,-1.0776663318786541,0.4324398091415633,0.4819961781606155,52.21367235123988,849,9.819351445362235,0
GENE_00350,Gene_350,-0.3201707275677709,0.38449116289737184,0.4703632204724884,55.857124507880926,200,77.85673692570434,0
GENE_00351,DREB_9,-2.268982693827397,0.0014986526878275077,0.041870024817204664,41.12283596383394,5601,4690.305570737036,1
GENE_00352,Gene_352,2.213034325424328,0.3979596754765052,0.47339918777214934,43.28139802038266,1440,182.6541295715635,0
GENE_00353,Gene_353,1.2864894348030291,0.45942022069975863,0.4877072406579179,51.07348139342176,4584,6591.105476224339,0
GENE_00354,Gene_354,-0.23990779494514067,0.3007041617305718,0.4381065096297881,50.90230290103275,1025,34.94476732973143,0
GENE_00355,Gene_355,-0.028524311854033244,0.47049680281269435,0.4921194941955782,37.00834232991167,311,236.96084209799932,0
GENE_00356,Gene_356,-1.5037940469567133,0.41359260297222683,0.4753937965198009,51.29250410751991,2006,69.03703673707503,0
GENE_00357,Gene_357,3.365431055108468,0.004153830744751519,0.04194531154336941,45.21305751815825,1113,484.9129402808814,1
GENE_00358,Gene_358,-0.4329879583802075,0.28901543311916233,0.4381065096297881,63.128373037831665,1447,888.9289722766074,0
GENE_00359,Gene_359,0.4840778405071342,0.17493825995374326,0.3754039913170456,51.99358834188525,12392,495.1853769754661,0
GENE_00360,LEA_2,-2.0530084547597554,0.009334034330714922,0.04484349936023489,53.37178759900722,211,1192.3772560122234,1
GENE_00361,Gene_361,0.7790197713617584,0.30287200742257986,0.4381065096297881,53.57887441752489,1683,144.55412761089258,0
GENE_00362,Gene_362,-2.128189211050023,0.002402258447817263,0.041870024817204664,40.28858095477948,321,101.38683644898522,1
GENE_00363,Gene_363,4.9417304005399645,0.000792322896523398,0.041870024817204664,65.55101514486883,200,4.40885044516611,1
GENE_00364,Gene_364,0.6025675831484122,0.4966751317419556,0.4976704726873302,37.01671002039061,1018,532.1374764452274,0
GENE_00365,Gene_365,1.0352159875666689,0.3764614535451707,0.4670737637036857,56.36562513359794,1148,209.42552449309628,0
GENE_00366,Gene_366,-0.6018307078287544,0.04615036594823832,0.17218918782477646,54.949311499845194,2794,129.56342439013713,0
GENE_00367,Gene_367,0.33613872271562517,0.14505411216978842,0.3453669337375915,46.18398096069632,791,101.32824413159089,0
GENE_00368,Gene_368,0.01888860117269229,0.05544570625110912,0.19866057559704461,55.33160253370711,200,137.86030327233206,0
GENE_00369,Gene_369,0.14651414782324756,0.32560531224806616,0.4466616622305479,47.459414409410094,319,92.52952076461179,0
GENE_00370,Gene_370,-2.597690938610375,0.007789563941669759,0.04433747245313339,44.596308441153774,7906,51.62119391125715,1
GENE_00371,Gene_371,0.03676526138841407,0.4629117406094752,0.49037260657783394,53.75647335482342,312,239.64957722007526,0
GENE_00372,DREB_8,-4.734369768159145,0.005146270042841812,0.04194531154336941,41.947512071296785,11788,390.8478046797158,1
GENE_00373,Gene_373,2.1767154116925624,0.4507864491446337,0.486994358632721,48.20595872993944,5297,31.780858393176597,0
GENE_00374,Gene_374,1.4389062391278102,0.4390676883616224,0.48461746179903026,45.24658601016034,680,66.58829834776651,0
GENE_00375,Gene_375,-3.598067700387042,0.00403206989654919,0.04194531154336941,47.31216392341644,367,98.56896913991815,1
GENE_00376,Gene_376,-1.1510213443320743,0.43458141214474494,0.4819961781606155,53.46182879304148,5280,149.84877438049818,0
GENE_00377,Gene_377,1.3084809550810172,0.1884604536889815,0.390435920726059,45.24506902123035,764,114.85024482524321,0
GENE_00378,Gene_378,0.27501300860752764,0.14913776800558012,0.34911420298213863,48.461408695421085,200,555.2632909219325,0
GENE_00379,LEA_3,4.213567300719575,0.0010199985293559604,0.041870024817204664,45.97483798478735,2549,5.448094794636386,1
GENE_00380,Gene_380,-1.212447428032727,0.16486223271465544,0.36710362515459033,61.55197332459637,2050,7.767323221748691,0
GENE_00381,Gene_381,-1.259582763271164,0.31547416541624296,0.4430816930003413,52.74089918571112,6042,218.57709689625014,0
GENE_00382,Gene_382,-0.8990889681660332,0.3053060709438486,0.4386581479078284,51.760557063733756,1852,44.461707110412945,0
GENE_00383,HSP70_15,-4.671597203962655,0.008205476540335275,0.04433747245313339,55.46734803698739,481,869.9925179442963,1
GENE_00384,Gene_384,-3.8051378480730933,0.0017014656923858853,0.041870024817204664,45.246923385800905,7365,1540.0988862196134,1
GENE_00385,Gene_385,-1.1386989923305468,0.2747013611040869,0.4381065096297881,56.874057799998724,8522,236.8659461020722,0
GENE_00386,Gene_386,0.22559067971431146,0.2986462520177254,0.4381065096297881,52.76942196666193,1555,17.392692860170598,0
GENE_00387,Gene_387,0.5126339636657391,0.2732977573592412,0.4379771752551943,37.51287277796747,1200,1223.1527582852839,0
GENE_00388,Gene_388,2.8142562588238293,0.22276530692284957,0.4186014891351131,38.57575333519388,200,220.92103374623179,0
GENE_00389,DREB_15,-2.5080724467481263,0.008269487597414124,0.04433747245313339,45.42162357772747,440,7.584662036201394,1
GENE_00390,Gene_390,-0.8653554834936046,0.2939437921428743,0.4381065096297881,39.43194803307864,3432,9.051773486476316,0
GENE_00391,Gene_391,-1.3476220070225369,0.08505374818621711,0.25618598851270213,48.09377231440333,475,3083.7250574163436,0
GENE_00392,Gene_392,0.7378787572597586,0.3216454085046476,0.4466616622305479,41.89009606867309,200,2213.370678602188,0
GENE_00393,Gene_393,-4.72490199466571,0.007884131971895235,0.04433747245313339,49.21821557543265,15000,0.9662948301004807,1
GENE_00394,Gene_394,2.7471881487815306,0.25072220925624,0.43528161329208337,61.29367500745165,200,9.819971395539163,0
GENE_00395,Gene_395,1.7691601810819306,0.27163946882488943,0.43785478310402287,49.60498477155052,15000,1453.4727780086232,0
GENE_00396,Gene_396,-0.7037634781570572,0.4757878012733296,0.4921194941955782,47.57628436078457,691,143.02433966358234,0
GENE_00397,Gene_397,-2.569701793636316,0.4237365133249145,0.4819961781606155,53.105941182282756,965,604.0751259935474,0
GENE_00398,Gene_398,2.0308085612481195,0.4572040214597835,0.48742432991448137,44.42864165661917,400,131.11758392230274,0
GENE_00399,Gene_399,-0.17180976787892682,0.4070693778714736,0.4753937965198009,56.747314475168,3548,549.4869255166984,0
GENE_00400,Gene_400,1.8567244679601926,0.05535025258151899,0.19866057559704461,53.96170362499289,200,150.15484975838498,0
GENE_00401,DREB_12,2.5777970833568915,0.00584670256649508,0.04194531154336941,50.31092449638851,200,61.85441548360585,1
GENE_00402,HSP70_2,2.0007125707276536,0.0007247794274835868,0.041870024817204664,51.23452665306869,12274,1233.3479482539349,1
GENE_00403,Gene_403,0.007865549577274748,0.12378875974020112,0.317407076256926,66.33396728450282,328,222.31809842003364,0
GENE_00404,Gene_404,0.07047089064711308,0.2388710420455384,0.4227561612158656,57.538497682142946,3358,547.1797901862502,0
GENE_00405,Gene_405,-0.6750982072188655,0.19778829658535677,0.39831740914590086,67.59621304929067,215,203.3433338017814,0
GENE_00406,Gene_406,0.9342748985212481,0.2751577049767962,0.4381065096297881,54.256241546339616,3173,56.10843809538411,0
GENE_00407,Gene_407,-1.6014306440738917,0.37369098235177556,0.4662085297407217,38.22646845863449,13702,3702.555821430222,0
GENE_00408,Gene_408,-0.21356922753194024,0.35802996264253795,0.462235928434938,47.902610377089275,497,301.851902950772,0
GENE_00409,Gene_409,0.1804434475678483,0.26109583211018184,0.43785478310402287,36.39836100361547,200,72.95937002884247,0
GENE_00410,Gene_410,0.7716582510881236,0.41137431598971197,0.4753937965198009,54.22642427733535,13810,1913.441898931201,0
GENE_00411,Gene_411,4.998060498697504,0.0006181548702864323,0.041870024817204664,55.963233578763216,4400,10.573516720334789,1
GENE_00412,Gene_412,-1.6869631377568037,0.44846043063022106,0.48679027969094985,42.912672032325766,538,12998.21476951787,0
GENE_00413,Gene_413,-4.168203062909679,0.007242078466554445,0.04415901503996613,44.754908962825176,790,103.72057295114035,1
GENE_00414,Gene_414,-3.197604660673406,0.004845608957364733,0.04194531154336941,51.190007169881724,207,11.75139063184147,1
GENE_00415,LEA_1,4.7977697282757585,0.0034825775687795163,0.04194531154336941,40.41516749388626,9231,6713.546950370968,1
GENE_00416,Gene_416,-1.1227298048348304,0.19065717995966544,0.390690942540298,39.81472184605974,491,58.77195432481237,0
GENE_00417,Gene_417,2.3267279632837843,0.09937990915986579,0.28073420666628757,59.90905638432896,200,241.40816695309212,0
GENE_00418,Gene_418,0.173511951439288,0.24011243149235637,0.4227561612158656,50.91768494531175,1510,623.5203998563514,0
GENE_00419,Gene_419,1.7689457760957397,0.09808460326946519,0.2786494411064352,45.535125138352356,301,1585.0085099019675,0
GENE_00420,Gene_420,0.10127772211516342,0.08399947226382794,0.254613381452133,36.46304889154224,233,270.3045070632203,0
GENE_00421,Gene_421,-4.989960913871062,0.005061414691901897,0.04194531154336941,56.818810855155775,575,40.665057407682596,1
GENE_00422,Gene_422,2.6330112636648066,0.26201927756631055,0.43785478310402287,44.52385430226425,1248,229.97832070308746,0
GENE_00423,Gene_423,-0.3734462227186103,0.3353779212708599,0.44805454679436874,64.88547556696432,200,64.15929076505566,0
GENE_00424,Gene_424,2.210089117242413,0.0038710043025587735,0.04194531154336941,56.87448078154756,8758,244.20874033141857,1
GENE_00425,Gene_425,0.9680639243777214,0.26659784645618106,0.43785478310402287,43.534865164741845,3028,3851.812483794949,0
GENE_00426,DREB_15,2.9385645695167626,0.009955256857972146,0.04484349936023489,44.27622642294823,633,673.0707048154786,1
GENE_00427,Gene_427,-1.4473851908701567,0.045723543238316115,0.17189301969291773,63.774809303554655,282,224.36919256674133,1
GENE_00428,Gene_428,1.029077189997659,0.35910025716840616,0.462235928434938,49.32592442532396,959,650.006046538072,0
GENE_00429,Gene_429,1.5876367302743817,0.20055269819527394,0.3991920021933579,45.89351017341304,4226,750.066075876521,0
GENE_00430,Gene_430,-2.6381092296346713,0.48838589409262684,0.49469203114481586,50.22177350781256,3350,17.188693174215896,0
GENE_00431,Gene_431,-1.7748877689986626,0.41176383378223447,0.4753937965198009,45.85669879956968,5365,161.32894583343096,0
GENE_00432,Gene_432,-3.058848266640151,0.26171803921754305,0.43785478310402287,51.92838781686532,533,24960.636392807188,0
GENE_00433,Gene_433,-3.9908886085147337,0.0057884150849458905,0.04194531154336941,49.393411027853894,200,1678.4767590517572,1
GENE_00434,Gene_434,1.0763133836939436,0.429848480847014,0.4819961781606155,57.004063844092066,7127,54.224285588415015,0
GENE_00435,Gene_435,2.2535355781440423,0.4000907666165868,0.47404119267368106,46.891407174086986,853,44.41530902035145,0
GENE_00436,Gene_436,0.11114217062966278,0.09310797963897946,0.2700259966102816,42.92146906648283,2978,41.55212044813717,0
GENE_00437,Gene_437,2.4429233183569377,0.14834386632093474,0.34911420298213863,47.20812242701132,13411,839.3601710998652,0
GENE_00438,Gene_438,-2.070152187322337,0.3969102218157708,0.47339918777214934,47.15932881420763,15000,3697.0180535886675,0
GENE_00439,Gene_439,-2.555073659032732,0.09342899482715743,0.2700259966102816,49.379729478448056,413,475.48440717212543,0
GENE_00440,Gene_440,-0.08332154834492816,0.4589584920965173,0.4877072406579179,55.0763223044578,1340,203.22722737954473,0
GENE_00441,Gene_441,0.576098173408961,0.21283918517298459,0.4124790410329158,54.63927173977537,8520,61.04976093951927,0
GENE_00442,Gene_442,-0.04904212214113966,0.04443244233124166,0.1695894745467239,59.59726940686855,309,286.78886734032034,0
GENE_00443,Gene_443,-3.101163150059815,0.4080585731086362,0.4753937965198009,43.508082578131805,457,28.78218328607496,0
GENE_00444,Gene_444,3.6152044711423628,0.0025122014890322794,0.041870024817204664,53.10976098440887,453,3.0909203843688946,1
GENE_00445,Gene_445,-1.9567042507572798,0.26372309788273673,0.43785478310402287,55.818558776165716,1051,3919.233508913417,0
GENE_00446,Gene_446,1.0045088232450576,0.057039867861198364,0.2022690349687885,44.606236749505086,788,19.85338773408407,0
GENE_00447,Gene_447,0.5498973691452724,0.0022894234076462103,0.041870024817204664,48.33895157614097,450,77.50444214071199,0
GENE_00448,Gene_448,-1.409819679491033,0.31935461769085555,0.4447835900986846,36.00017700624963,257,551.5402954766388,0
GENE_00449,Gene_449,-0.7708003760050404,0.2580724099965321,0.43785478310402287,57.25486156100588,3706,2614.77606672363,0
GENE_00450,Gene_450,-1.5888202828334275,0.29717574599245045,0.4381065096297881,48.276014381441044,8157,248.2065605256676,0
GENE_00451,Gene_451,-0.09401864590975781,0.39707818133987766,0.47339918777214934,56.452513413447996,10138,13.634154770470937,0
GENE_00452,Gene_452,1.4327134807518573,0.3236563507980072,0.4466616622305479,51.6483961430361,532,81.2318247349892,0
GENE_00453,Gene_453,-1.4785890695033155,0.08821194797086121,0.26098209458834676,48.51867816820101,3946,38.20739907616776,0
GENE_00454,Gene_454,0.7560697732767666,0.18102548703618931,0.38030564503401115,37.25757760518012,1563,137.49367898852162,0
GENE_00455,Gene_455,-0.7953864275586612,0.4530396612890924,0.486994358632721,38.680379114268476,465,1744.056398506588,0
GENE_00456,Gene_456,-1.1893092483935161,0.3852024054255878,0.4703632204724884,30.0,3298,0.92795021789944,0
GENE_00457,Gene_457,-0.16054553993183673,0.2787618919104219,0.4381065096297881,45.49909213737075,434,65.18441065401574,0
GENE_00458,Gene_458,-1.5528634836290611,0.12856685390682687,0.3197649504336923,68.22598962544998,623,56.36794958600987,0
GENE_00459,Gene_459,-0.8304739580207731,0.15172819041556274,0.3512226629989878,39.69642088385601,200,12.01886273464619,0
GENE_00460,Gene_460,-1.7968168388832728,0.36624707572523163,0.462235928434938,30.0,546,478.65567017263805,0
GENE_00461,Gene_461,2.947087699374584,0.4257359561655326,0.4819961781606155,57.701351356684256,1604,8.758706692864436,0
GENE_00462,Gene_462,0.052895327957592914,0.3360409100957766,0.44805454679436874,68.90974295437361,11538,11.02550738299552,0
GENE_00463,Gene_463,-1.0495882619888783,0.40495545790845244,0.4753937965198009,52.38336852207842,645,814.1449554046354,0
GENE_00464,Gene_464,-2.2888280984741884,0.003205904142821551,0.04194531154336941,52.30985915775968,231,2984.366387870897,1
GENE_00465,Gene_465,-0.16849207453624473,0.07570228001052191,0.24739307192981017,47.52094341084999,10363,127.46049363950685,0
GENE_00466,Gene_466,-0.33145439929983445,0.2125484616437377,0.4124790410329158,35.64594215591952,514,13.003359693340453,0
GENE_00467,Gene_467,0.9212500500651378,0.07733891661345277,0.25056568078192004,38.39430465805219,200,36.19394416013861,0
GENE_00468,Gene_468,1.1362615650709578,0.11838255681619042,0.3074099867503775,47.46597336481185,1338,1114.3247493648869,0
GENE_00469,Gene_469,-0.7957517214157912,0.4347605527008752,0.4819961781606155,45.93235727976205,673,187.33088304831736,0
GENE_00470,DREB_15,-2.032445270559923,0.006103072349890419,0.04194531154336941,49.078616577840464,15000,121.25823514539826,1
GENE_00471,Gene_471,-0.412577545727466,0.26814369281948774,0.43785478310402287,56.634598591425274,2237,277.5772908042742,0
GENE_00472,Gene_472,-3.452881747103377,0.09004453664865829,0.2648368724960538,45.345297344663834,880,137.64530364939017,0
GENE_00473,Gene_473,-2.2727865932978286,0.15682362123834923,0.3580447973478293,56.79773405123689,274,3266.337466393202,0
GENE_00474,Gene_474,2.050311401166787,0.1158928380455071,0.3074099867503775,45.39768232077784,1799,33.17224295340854,0
GENE_00475,Gene_475,2.4674515702519253,0.10388689609469479,0.28540356069971096,58.30591674292606,9750,26.366170456577397,0
GENE_00476,Gene_476,-0.3735540593345675,0.3193424358646691,0.4447835900986846,50.69094053658739,1750,9.328674758330232,0
GENE_00477,Gene_477,0.8648354445836497,0.1291850399752117,0.3197649504336923,46.5133572726279,307,50.40169112332471,0
GENE_00478,Gene_478,3.9505020513296847,0.0001122431296181535,0.041870024817204664,50.55435248439112,2460,16.710696956223337,1
GENE_00479,Gene_479,4.618321212682856,0.030168852440168398,0.12067540976067359,47.65168926273947,1019,229.55692025868584,1
GENE_00480,Gene_480,1.6793623671518652,0.07174542237002383,0.24238318368251296,50.90507390143977,2149,154.76297160902294,0
GENE_00481,Gene_481,-0.1918763872211498,0.13799558674606258,0.3349407445292781,56.06484958813977,644,17.14744186103182,0
GENE_00482,Gene_482,-1.4333106609006387,0.2989264115309501,0.4381065096297881,49.3022752126748,621,482.16130611590745,0
GENE_00483,Gene_483,-2.4096694803863588,0.33824478129860064,0.4487401542920298,47.04344917716975,586,3082.8992071974485,0
GENE_00484,Gene_484,0.3051954538008347,0.22191576642298402,0.4186014891351131,41.01187036071337,4506,303.58957207181703,0
GENE_00485,Gene_485,-3.4452188999708233,0.00937084682144824,0.04484349936023489,54.63342415433372,631,0.9166804269254039,1
GENE_00486,Gene_486,-2.133380564396511,0.3625339088479104,0.462235928434938,52.7861778112218,550,7897.187333613178,0
GENE_00487,Gene_487,-0.9698593263637898,0.008894724791025637,0.04484349936023489,40.544457192579834,266,661.0615408346049,0
GENE_00488,Gene_488,-1.6223220054215926,0.17120392221263606,0.373239560417914,56.68395422336609,2166,7426.697123517273,0
GENE_00489,HSF_8,-3.257728378318017,0.009429631489112108,0.04484349936023489,40.41452773918132,1750,1314.8096381893536,1
GENE_00490,Gene_490,1.3224596354241758,0.30200648569647276,0.4381065096297881,58.233774329871146,559,1960.6490350495706,0
GENE_00491,Gene_491,4.971023940025331,0.001677109804127905,0.041870024817204664,55.502906617496144,378,223.7509912252576,1
GENE_00492,Gene_492,2.2199162083350386,0.45285687137250724,0.486994358632721,53.35732418078456,15000,87.83042577375963,0
GENE_00493,Gene_493,0.11605246147142745,0.3865387409972419,0.4703632204724884,46.98403872666371,200,313.23771510470885,0
GENE_00494,Gene_494,-1.2919263019923954,0.13318282817112997,0.3264285004194362,54.606238261331626,2297,35.96081378053777,0
GENE_00495,Gene_495,3.9116947393684605,0.006729065899726223,0.042180901962494875,58.61097596192944,7609,353.4569521412799,1
GENE_00496,Gene_496,0.8083650655269881,0.2982796133662894,0.4381065096297881,54.73881536886539,200,0.776023469774567,0
GENE_00497,Gene_497,-1.5558692314896847,0.20119276910545236,0.3991920021933579,44.6379998261901,3609,161.71968394383845,0
GENE_00498,Gene_498,-2.8031845784460647,0.003971323354275927,0.04194531154336941,52.13925585884371,788,2184.9587752828484,1
GENE_00499,Gene_499,-1.3134273800771359,0.17243667691307626,0.373239560417914,59.05627989036029,1610,179.22054776917818,0
GENE_00500,Gene_500,-2.074199596446504,0.30896073591442774,0.4388646816966303,67.59278544445363,675,4698.344426965926,0
